{
  "offsets": [
    0.0,
    17.3949375,
    35.756437500000004
  ],
  "word_count": 99,
  "captured_at": "2026-04-19T16:29:14.396631+00:00"
}